[
    {
        "soal": "bendera apakah ini 🇧🇲",
        "jawaban": "Bermuda",
        "keterangan": "---"
    },
    {
        "soal": "bendera apakah ini 🇦🇪",
        "jawaban": "Uni emirat arab",
        "keterangan": "---"
    },
    {
        "soal": "bendera apakah ini 🇨🇷",
        "jawaban": "Kosta rika",
        "keterangan": "---"
    },
    {
        "soal": "bendera apakah ini 🇰🇾",
        "jawaban": "Pulau keyman",
        "keterangan": "---"
    },
    {
        "soal": "bendera apakah ini 🇧🇩",
        "jawaban": "Bangladesh",
        "keterangan": "---"
    },
    {
        "soal": "bendera apakah ini 🇸🇪",
        "jawaban": "Swedia",
        "keterangan": "---"
    },
    {
        "soal": "bendera apakah ini 🇬🇩",
        "jawaban": "Grenada",
        "keterangan": "---"
    },
    {
        "soal": "bendera apakah ini 🇸🇬",
        "jawaban": "Singapura",
        "keterangan": "---"
    },
    {
        "soal": "bendera apakah ini 🇱🇮",
        "jawaban": "Liechtenstein",
        "keterangan": "---"
    },
    {
        "soal": "bendera apakah ini 🇵🇷",
        "jawaban": "Puerto Rico",
        "keterangan": "---"
    },
    {
        "soal": "bendera apakah ini 🇬🇫",
        "jawaban": "Guyana Perancis",
        "keterangan": "---"
    },
    {
        "soal": "bendera apakah ini 🇹🇷",
        "jawaban": "Turki",
        "keterangan": "---"
    },
    {
        "soal": "bendera apakah ini 🇨🇭",
        "jawaban": "Swiss",
        "keterangan": "---"
    },
    {
        "soal": "bendera apakah ini 🏴󠁧󠁢󠁳󠁣󠁴󠁿",
        "jawaban": "Skotlandia",
        "keterangan": "---"
    },
    {
        "soal": "bendera apakah ini 🇻🇳",
        "jawaban": "Vietnam",
        "keterangan": "---"
    },
    {
        "soal": "bendera apakah ini 🇬🇷",
        "jawaban": "Yunani",
        "keterangan": "---"
    },
    {
        "soal": "bendera apakah ini 🇾🇹",
        "jawaban": "Mayotte",
        "keterangan": "---"
    },
    {
        "soal": "bendera apakah ini 🇮🇩",
        "jawaban": "Indonesia",
        "keterangan": "---"
    },
    {
        "soal": "bendera apakah ini 🇯🇵",
        "jawaban": "Jepang",
        "keterangan": "---"
    },
    {
        "soal": "bendera apakah ini 🇰🇵",
        "jawaban": "Korea Utara",
        "keterangan": "---"
    },
    {
        "soal": "bendera apakah ini 🇰🇷",
        "jawaban": "Korea Selatan",
        "keterangan": "---"
    },
    {
        "soal": "bendera apakah ini 🇲🇲",
        "jawaban": "Myanmar",
        "keterangan": "---"
    },
    {
        "soal": "bendera apakah ini 🇬🇧",
        "jawaban": "Inggris",
        "keterangan": "---"
    },
    {
        "soal": "bendera apakah ini 🇧🇷",
        "jawaban": "Brazil",
        "keterangan": "---"
    },
    {
        "soal": "bendera apakah ini 🇸🇦",
        "jawaban": "Arab Saudi",
        "keterangan": "---"
    },
    {
        "soal": "bendera apakah ini 🇷🇺",
        "jawaban": "Belanda",
        "keterangan": "---"
    },
    {
        "soal": "bendera apakah ini 🇨🇳",
        "jawaban": "China",
        "keterangan": "---"
    },
    {
        "soal": "bendera apakah ini 🇹🇭",
        "jawaban": "Thailand",
        "keterangan": "---"
    },
    {
        "soal": "bendera apakah ini 🇿🇦",
        "jawaban": "Afrika Selatan",
        "keterangan": "---"
    },
    {
        "soal": "bendera apakah ini 🇦🇱",
        "jawaban": "Albania",
        "keterangan": "---"
    },
    {
        "soal": "bendera apakah ini 🇩🇿",
        "jawaban": "Aljazair",
        "keterangan": "---"
    },
    {
        "soal": "bendera apakah ini 🇦🇷",
        "jawaban": "Argentina",
        "keterangan": "---"
    },
    {
        "soal": "bendera apakah ini 🇦🇹",
        "jawaban": "Austria",
        "keterangan": "---"
    },
    {
        "soal": "bendera apakah ini 🇧🇸",
        "jawaban": "Bahama",
        "keterangan": "---"
    },
    {
        "soal": "bendera apakah ini 🇧🇧",
        "jawaban": "Barbados",
        "keterangan": "---"
    },
    {
        "soal": "bendera apakah ini 🇧🇪",
        "jawaban": "Belgia",
        "keterangan": "---"
    },
    {
        "soal": "bendera apakah ini 🇧🇹",
        "jawaban": "Bhutan",
        "keterangan": "---"
    },
    {
        "soal": "bendera apakah ini 🇧🇼",
        "jawaban": "Botswana",
        "keterangan": "---"
    },
    {
        "soal": "bendera apakah ini 🇧🇳",
        "jawaban": "Brunei",
        "keterangan": "---"
    },
    {
        "soal": "bendera apakah ini 🇧🇬",
        "jawaban": "Bulgaria",
        "keterangan": "---"
    },
    {
        "soal": "bendera apakah ini 🇧🇮",
        "jawaban": "Burundi",
        "keterangan": "---"
    },
    {
        "soal": "bendera apakah ini 🇨🇿",
        "jawaban": "Ceko",
        "keterangan": "---"
    },
    {
        "soal": "bendera apakah ini 🇨🇱",
        "jawaban": "Chili",
        "keterangan": "---"
    },
    {
        "soal": "bendera apakah ini 🇩🇰",
        "jawaban": "Denmark",
        "keterangan": "---"
    },
    {
        "soal": "bendera apakah ini 🇩🇲",
        "jawaban": "Dominika",
        "keterangan": "---"
    },
    {
        "soal": "bendera apakah ini 🇩🇴",
        "jawaban": "Dominika",
        "keterangan": "---"
    },
    {
        "soal": "bendera apakah ini 🇪🇪",
        "jawaban": "Estonia",
        "keterangan": "---"
    },
    {
        "soal": "bendera apakah ini 🇫🇯",
        "jawaban": "Fiji",
        "keterangan": "---"
    },
    {
        "soal": "bendera apakah ini 🇵🇭",
        "jawaban": "Filipina",
        "keterangan": "---"
    },
    {
        "soal": "bendera apakah ini 🇬🇪",
        "jawaban": "Georgia",
        "keterangan": "---"
    },
    {
        "soal": "bendera apakah ini 🇬🇭",
        "jawaban": "Ghana",
        "keterangan": "---"
    },
    {
        "soal": "bendera apakah ini 🇮🇳",
        "jawaban": "India",
        "keterangan": "---"
    },
    {
        "soal": "bendera apakah ini 🇮🇶",
        "jawaban": "Irak",
        "keterangan": "---"
    },
    {
        "soal": "bendera apakah ini 🇮🇷",
        "jawaban": "Iran",
        "keterangan": "---"
    },
    {
        "soal": "bendera apakah ini 🇮🇪",
        "jawaban": "Irlandia",
        "keterangan": "---"
    },
    {
        "soal": "bendera apakah ini 🇮🇸",
        "jawaban": "Islandia",
        "keterangan": "---"
    },
    {
        "soal": "bendera apakah ini 🇮🇱",
        "jawaban": "Israel",
        "keterangan": "---"
    },
]
    

    
    